{
  "status": ["Model Ready"],
  "timestamp": "2022-03-12T16:40:49.275810",
  "classes": {
    "AE": {
      "precision": 0.9009060022650056,
      "recall": 0.9062084678184925,
      "f1-score": 0.9035494557501182,
      "support": 5267
    },
    "BH": {
      "precision": 0.9191581431943352,
      "recall": 0.8912836162502384,
      "f1-score": 0.9050062941803041,
      "support": 5243
    },
    "DZ": {
      "precision": 0.9130819092516205,
      "recall": 0.9532451553368194,
      "f1-score": 0.9327313769751693,
      "support": 3251
    },
    "EG": {
      "precision": 0.9492993630573249,
      "recall": 0.9647018210063002,
      "f1-score": 0.9569386182689839,
      "support": 11587
    },
    "IQ": {
      "precision": 0.9092032118591723,
      "recall": 0.9633507853403142,
      "f1-score": 0.9354941213854465,
      "support": 3056
    },
    "JO": {
      "precision": 0.9155918057663126,
      "recall": 0.8697297297297297,
      "f1-score": 0.892071705784513,
      "support": 5550
    },
    "KW": {
      "precision": 0.9471796140524493,
      "recall": 0.9155805333014468,
      "f1-score": 0.9311120569100748,
      "support": 8363
    },
    "LB": {
      "precision": 0.9340003510619624,
      "recall": 0.954610692500897,
      "f1-score": 0.9441930618401206,
      "support": 5574
    },
    "LY": {
      "precision": 0.9573255490686683,
      "recall": 0.9394352748601827,
      "f1-score": 0.9482960413080894,
      "support": 7331
    },
    "MA": {
      "precision": 0.9464730290456431,
      "recall": 0.9731228668941979,
      "f1-score": 0.9596129575094656,
      "support": 2344
    },
    "OM": {
      "precision": 0.89775,
      "recall": 0.9295884027957546,
      "f1-score": 0.9133918351774132,
      "support": 3863
    },
    "PL": {
      "precision": 0.9353185257505492,
      "recall": 0.868441926345609,
      "f1-score": 0.9006404606616134,
      "support": 8825
    },
    "QA": {
      "precision": 0.9288717000168152,
      "recall": 0.9159343392472227,
      "f1-score": 0.9223576557021205,
      "support": 6031
    },
    "SA": {
      "precision": 0.9084991631021015,
      "recall": 0.925890826383624,
      "f1-score": 0.9171125504552707,
      "support": 5276
    },
    "SD": {
      "precision": 0.9409076069213189,
      "recall": 0.9710242587601078,
      "f1-score": 0.9557287348698392,
      "support": 2968
    },
    "SY": {
      "precision": 0.8942448144902133,
      "recall": 0.9401105651105651,
      "f1-score": 0.9166042820781555,
      "support": 3256
    },
    "TN": {
      "precision": 0.9128651973347002,
      "recall": 0.9764254385964912,
      "f1-score": 0.9435761589403974,
      "support": 1824
    },
    "YE": {
      "precision": 0.8703956343792633,
      "recall": 0.9613259668508287,
      "f1-score": 0.9136038186157518,
      "support": 1991
    },
    "accuracy": 0.9273144104803493,
    "macro avg": {
      "precision": 0.9211706455898587,
      "recall": 0.9344450370627122,
      "f1-score": 0.9273345103562693,
      "support": 91600
    },
    "weighted avg": {
      "precision": 0.927686308086211,
      "recall": 0.9273144104803493,
      "f1-score": 0.9271225532626609,
      "support": 91600
    }
  },
  "evaluation": {}
}