{
  "status": "Model Ready",
  "timestamp": "2022-03-13T23:56:44.445944",
  "classes": [
    "AE",
    "BH",
    "DZ",
    "EG",
    "IQ",
    "JO",
    "KW",
    "LB",
    "LY",
    "MA",
    "OM",
    "PL",
    "QA",
    "SA",
    "SD",
    "SY",
    "TN",
    "YE"
  ],
  "evaluation": {
    "AE": {
      "precision": 0.4191638919718831,
      "recall": 0.42674199623352166,
      "f1-score": 0.42291899962672647,
      "support": 5310
    },
    "BH": {
      "precision": 0.3685794111326026,
      "recall": 0.325426944971537,
      "f1-score": 0.34566159427592463,
      "support": 5270
    },
    "DZ": {
      "precision": 0.5272222222222223,
      "recall": 0.5933104095029696,
      "f1-score": 0.5583173996175909,
      "support": 3199
    },
    "EG": {
      "precision": 0.763384717387701,
      "recall": 0.8067793641061575,
      "f1-score": 0.7844823915172677,
      "support": 11417
    },
    "IQ": {
      "precision": 0.5095238095238095,
      "recall": 0.5902011680726801,
      "f1-score": 0.5469031870114252,
      "support": 3082
    },
    "JO": {
      "precision": 0.41552604698672113,
      "recall": 0.3724592565464201,
      "f1-score": 0.3928157589803013,
      "support": 5461
    },
    "KW": {
      "precision": 0.5397801622611882,
      "recall": 0.4941303306181121,
      "f1-score": 0.5159474671669793,
      "support": 8348
    },
    "LB": {
      "precision": 0.6114058355437666,
      "recall": 0.662594322673374,
      "f1-score": 0.6359717192619416,
      "support": 5566
    },
    "LY": {
      "precision": 0.6970288743199888,
      "recall": 0.6801415543759357,
      "f1-score": 0.6884816753926701,
      "support": 7347
    },
    "MA": {
      "precision": 0.6181284095677717,
      "recall": 0.6343669250645995,
      "f1-score": 0.6261424017003188,
      "support": 2322
    },
    "OM": {
      "precision": 0.3582019298658508,
      "recall": 0.3918640576725026,
      "f1-score": 0.3742776343292758,
      "support": 3884
    },
    "PL": {
      "precision": 0.5611088897774223,
      "recall": 0.47678369195922987,
      "f1-score": 0.5155207249127534,
      "support": 8830
    },
    "QA": {
      "precision": 0.47932269619016604,
      "recall": 0.4754521963824289,
      "f1-score": 0.47737960110264305,
      "support": 6192
    },
    "SA": {
      "precision": 0.4182958317963851,
      "recall": 0.4179874677478806,
      "f1-score": 0.41814159292035397,
      "support": 5426
    },
    "SD": {
      "precision": 0.5946299934512115,
      "recall": 0.6231983527796843,
      "f1-score": 0.6085790884718498,
      "support": 2914
    },
    "SY": {
      "precision": 0.36366313309776205,
      "recall": 0.38413685847589424,
      "f1-score": 0.37361972470125543,
      "support": 3215
    },
    "TN": {
      "precision": 0.4847560975609756,
      "recall": 0.5215965008201203,
      "f1-score": 0.5025019752436134,
      "support": 1829
    },
    "YE": {
      "precision": 0.23224489795918368,
      "recall": 0.28621730382293764,
      "f1-score": 0.25642181162685895,
      "support": 1988
    },
    "accuracy": 0.5321397379912663,
    "macro avg": {
      "precision": 0.4978870472564785,
      "recall": 0.5090771501014436,
      "f1-score": 0.5024491526588749,
      "support": 91600
    },
    "weighted avg": {
      "precision": 0.5317591017424377,
      "recall": 0.5321397379912663,
      "f1-score": 0.5309347164563994,
      "support": 91600
    }
  }
}