{
  "status": "Model Ready",
  "timestamp": "2022-03-14T17:38:28.478999",
  "classes": [
    "AE",
    "BH",
    "DZ",
    "EG",
    "IQ",
    "JO",
    "KW",
    "LB",
    "LY",
    "MA",
    "OM",
    "PL",
    "QA",
    "SA",
    "SD",
    "SY",
    "TN",
    "YE"
  ],
  "evaluation": {
    "AE": {
      "precision": 0.2711980775832475,
      "recall": 0.1469767441860465,
      "f1-score": 0.19063706563706564,
      "support": 5375
    },
    "BH": {
      "precision": 0.19827586206896552,
      "recall": 0.004386801449551783,
      "f1-score": 0.008583690987124463,
      "support": 5243
    },
    "DZ": {
      "precision": 0.3250138657792568,
      "recall": 0.3567732115677321,
      "f1-score": 0.34015382382818166,
      "support": 3285
    },
    "EG": {
      "precision": 0.5467922669621967,
      "recall": 0.7695173728446408,
      "f1-score": 0.6393118093798364,
      "support": 11541
    },
    "IQ": {
      "precision": 0.47923043288150413,
      "recall": 0.3596980636691828,
      "f1-score": 0.41094863142107235,
      "support": 3047
    },
    "JO": {
      "precision": 0.2372448979591837,
      "recall": 0.016373239436619717,
      "f1-score": 0.030632411067193676,
      "support": 5680
    },
    "KW": {
      "precision": 0.2687523762967791,
      "recall": 0.5962882622318632,
      "f1-score": 0.37051181249766,
      "support": 8298
    },
    "LB": {
      "precision": 0.3967080152671756,
      "recall": 0.6047272727272728,
      "f1-score": 0.4791126476519735,
      "support": 5500
    },
    "LY": {
      "precision": 0.3902714932126697,
      "recall": 0.5626528948083719,
      "f1-score": 0.46087053322943333,
      "support": 7358
    },
    "MA": {
      "precision": 0.5605015673981191,
      "recall": 0.3831975996570939,
      "f1-score": 0.455193482688391,
      "support": 2333
    },
    "OM": {
      "precision": 0.3247863247863248,
      "recall": 0.06974305191400104,
      "f1-score": 0.11482840492121735,
      "support": 3814
    },
    "PL": {
      "precision": 0.3047066408768536,
      "recall": 0.5467376214715409,
      "f1-score": 0.39132234826529766,
      "support": 8644
    },
    "QA": {
      "precision": 0.3847112588284171,
      "recall": 0.2984208830164357,
      "f1-score": 0.33611615245009074,
      "support": 6206
    },
    "SA": {
      "precision": 0.24114397140071497,
      "recall": 0.1373311123449935,
      "f1-score": 0.175,
      "support": 5403
    },
    "SD": {
      "precision": 0.5208426714477813,
      "recall": 0.41352313167259785,
      "f1-score": 0.4610196389605237,
      "support": 2810
    },
    "SY": {
      "precision": 0.4064748201438849,
      "recall": 0.03479064039408867,
      "f1-score": 0.06409529211571185,
      "support": 3248
    },
    "TN": {
      "precision": 0.5173501577287066,
      "recall": 0.08976464148877943,
      "f1-score": 0.1529850746268657,
      "support": 1827
    },
    "YE": {
      "precision": 0.0,
      "recall": 0.0,
      "f1-score": 0.0,
      "support": 1988
    },
    "accuracy": 0.37541484716157203,
    "macro avg": {
      "precision": 0.3541113722567657,
      "recall": 0.2994945858267118,
      "f1-score": 0.28229571220709104,
      "support": 91600
    },
    "weighted avg": {
      "precision": 0.3555296989805429,
      "recall": 0.37541484716157203,
      "f1-score": 0.32521146878902274,
      "support": 91600
    }
  }
}